Workbook

Sheet Risk Register
A1: Table 1: Full Risk Register
A2: ID | B2: Risk Description | C2: Root Cause | D2: Triggers | E2: Consequences | F2: Frequency | G2: Severity | H2: Weight | I2: Overall Rating | J2: Weighted Score | K2: Catagory | L2: Mitigation | M2: Priority | N2: Response | O2: Responsible
A3: R1 | B3: Bugs and errors in the system | C3: Complext codebase with several components | D3: Features failing shown by error messages during training | E3: Delays in timeline with a temporary reduction in system reliability and increased work/tasks | F3: 4 | G3: 3 | H3: 3 | I3: =F3 *G3 -> 12 | J3: =H3 * I3 -> 36 | K3: Technical | L3: Conduct regular testing for unexpected behaviour | M3: =IF(J3>=40,"High",IF(J3>=25,"Medium","Low")) -> Medium | N3: Debug system and test new stable version | O3: Tester
A4: R2 | B4: Schedule delays | C4: Underestimated task durations | D4: Tasks being uncompleted by deadline | E4: Missed milestones and rushed work | F4: 3 | G4: 4 | H4: 3 | I4: =F4 *G4 -> 12 | J4: =H4 * I4 -> 36 | K4: Project Management | L4: Regular progress checks | M4: =IF(J4>=40,"High",IF(J4>=25,"Medium","Low")) -> Medium | N4: Reallocate tasks and adjust Gahntt chart | O4: Whole Team
A5: R3 | B5: Failure to follow GDPR requirments | C5: Insufficient understanding/research of data protection laws | D5: Missing consent and unclear data sources | E5: Legal breaches, project failure and reputational damage | F5: 2 | G5: 5 | H5: 4 | I5: =F5 *G5 -> 10 | J5: =H5 * I5 -> 40 | K5: Legal | L5: Use annonymus data in testing, team awareness of GDPR guildlines and restriction to sensitive data | M5: =IF(J5>=40,"High",IF(J5>=25,"Medium","Low")) -> High | N5: Immediate removal of any non-complient data, update data handling procedures and team training | O5: Whole Team
A6: R4 | B6: Project expanding passed agreed requirments with extra features/increased functionality | C6: Lack of clearly defined scope boundaries, team enthusiasm leading to unnecessary additions | D6: Work being completed not listed in the plan | E6: Increased workload, delays and missed deadlines | F6: 3 | G6: 4 | H6: 3 | I6: =F6 *G6 -> 12 | J6: =H6 * I6 -> 36 | K6: Project Management | L6: Regular comparissons of work to agreed scope as well as a functional proccess for approving changes | M6: =IF(J6>=40,"High",IF(J6>=25,"Medium","Low")) -> Medium | N6: Stop work on unapproved features, re-prioratise tasks to return to agreed scope | O6: Project Lead
A7: R5 | B7: System incompatability across operating systems | C7: System not designed, built or tested across multiple operating systems | D7: System fails to run/ displays errors on a different OS | E7: Support issues for users unable to access the system | F7: 3 | G7: 2 | H7: 2 | I7: =F7 *G7 -> 6 | J7: =H7 * I7 -> 12 | K7: Technical | L7: Cross platform testing and avoid OS-specific dependancies | M7: =IF(J7>=40,"High",IF(J7>=25,"Medium","Low")) -> Low | N7: Fix OS-specific issues immedietly | O7: Whole Team
A8: R6 | B8: Unclear requirements | C8: Ambitious case study with complex requirments and multiple components to track | D8: Repeated clarification questions and confusion within the team | E8: Incorrect features and delays | F8: 4 | G8: 4 | H8: 4 | I8: =F8 *G8 -> 16 | J8: =H8 * I8 -> 64 | K8: Project Management | L8: Requirment clarification meetings | M8: =IF(J8>=40,"High",IF(J8>=25,"Medium","Low")) -> High | N8: Re-evaluate tasks and update requirment list | O8: Project Lead
A9: R7 | B9: Poor communication | C9: No structured communication | D9: Missed meetings/unanswered messages | E9: Misaligned work and possible duplicated components | F9: 2 | G9: 4 | H9: 3 | I9: =F9 *G9 -> 8 | J9: =H9 * I9 -> 24 | K9: Operational | L9: Set fixed weekly meetings and make use of shared channel (discord etc) | M9: =IF(J9>=40,"High",IF(J9>=25,"Medium","Low")) -> Low | N9: Reinforce communication schedule | O9: Whole Team
A10: R8 | B10: Integration issues with modules | C10: Components developed independently | D10: Merge conflicts and incompatibility with components | E10: System instability and delays | F10: 4 | G10: 3 | H10: 3 | I10: =F10 *G10 -> 12 | J10: =H10 * I10 -> 36 | K10: Technical | L10: Integrate frequently, utalise github branching as well as communicating structure of modules with team | M10: =IF(J10>=40,"High",IF(J10>=25,"Medium","Low")) -> Medium | N10: Reasses code and implement immediate integration testing | O10: Developer
A11: R9 | B11: Accidental deletion or corruption of files | C11: No automatic backups | D11: Accidental deletion or system crash | E11: Loss of progress and delays in schedule | F11: 3 | G11: 4 | H11: 3 | I11: =F11 *G11 -> 12 | J11: =H11 * I11 -> 36 | K11: Technical | L11: Enable regular backups and version control | M11: =IF(J11>=40,"High",IF(J11>=25,"Medium","Low")) -> Medium | N11: Restore from backup and review/improve handling process | O11: Whole Team
A12: R10 | B12: University case study updates affecting project requirements | C12: Stakeholders' redefining requirments mid project | D12: New documents or instructions released | E12: Timeline disruption and requirment confusion | F12: 1 | G12: 5 | H12: 2 | I12: =F12 *G12 -> 5 | J12: =H12 * I12 -> 10 | K12: Project Management | L12: Monitor announcments closely | M12: =IF(J12>=40,"High",IF(J12>=25,"Medium","Low")) -> Low | N12: Reassess completed work and adjust timeline for planning | O12: Project Lead
A13: R11 | B13: Team member unable to complete task in time eg illness | C13: Lack of contingency planning and sickness management | D13: Member of team unavailable for period of time | E13: Increased workload on remaining team members, missed deadlines | F13: 3 | G13: 3 | H13: 2 | I13: =F13 *G13 -> 9 | J13: =H13 * I13 -> 18 | K13: Operational | L13: Have team members ready and willing to cover redistribution of tasks equally | M13: =IF(J13>=40,"High",IF(J13>=25,"Medium","Low")) -> Low | N13: Reasign tasks and temporarily adjust ghant chart | O13: Whole Team
A14: R12 | B14: Data breaches (SQL injection attacks, unauthorised action etc) | C14: Weak access control, lack of data loss prevention and insufficient security awareness | D14: Suspicious login attempts and access errors | E14: Severe legal issues and reputational damage | F14: 2 | G14: 5 | H14: 4 | I14: =F14 *G14 -> 10 | J14: =H14 * I14 -> 40 | K14: Technical | L14: Strong technical security controls within python code and SQL database eg paramatizes queries, secure database permissions etc | M14: =IF(J14>=40,"High",IF(J14>=25,"Medium","Low")) -> High | N14: Revoke access and investigate breach to restore a secure system version | O14: Whole Team

Sheet Scoring System
A1: Table 2: Scoring
A2: Number Value | B2: Severity | C2: Frequency
A3: 1 | B3: Insignificant | C3: Rare
A4: 2 | B4: Minor | C4: Unlikely
A5: 3 | B5: Moderate | C5: Possible
A6: 4 | B6: Major | C6: Likely
A7: 5 | B7: Severe | C7: Very Likely
A9: Table 3: Weighted Importance
A10: Number Value | B10: Weighted Importance
A11: 1 | B11: Low
A12: 2 | B12: Moderate
A13: 3 | B13: High
A14: 4 | B14: Critical

Sheet Catagory Analysis
A1: Table 4: Category Frequency Counts
A2: Category | B2: F1 | C2: F2 | D2: F3 | E2: F4 | F2: F5 | G2: Total Risks | H2: Frequency Weighted Avg
A3: Technical | B3: =COUNTIFS('Risk Register'!$K:$K,$A3,'Risk Register'!$F:$F,1) -> 0 | C3: =COUNTIFS('Risk Register'!$K:$K,$A3,'Risk Register'!$F:$F,2) -> 1 | D3: =COUNTIFS('Risk Register'!$K:$K,$A3,'Risk Register'!$F:$F,3) -> 2 | E3: =COUNTIFS('Risk Register'!$K:$K,$A3,'Risk Register'!$F:$F,4) -> 2 | F3: =COUNTIFS('Risk Register'!$K:$K,$A3,'Risk Register'!$F:$F,5) -> 0 | G3: =SUM(B3:F3) -> 5 | H3: =SUMPRODUCT(B3:F3,{1,2,3,4,5}) / G3 -> 3.2
A4: Project Management | B4: =COUNTIFS('Risk Register'!$K:$K,$A4,'Risk Register'!$F:$F,1) -> 1 | C4: =COUNTIFS('Risk Register'!$K:$K,$A4,'Risk Register'!$F:$F,2) -> 0 | D4: =COUNTIFS('Risk Register'!$K:$K,$A4,'Risk Register'!$F:$F,3) -> 2 | E4: =COUNTIFS('Risk Register'!$K:$K,$A4,'Risk Register'!$F:$F,4) -> 1 | F4: =COUNTIFS('Risk Register'!$K:$K,$A4,'Risk Register'!$F:$F,5) -> 0 | G4: =SUM(B4:F4) -> 4 | H4: =SUMPRODUCT(B4:F4,{1,2,3,4,5}) / G4 -> 2.75
A5: Operational | B5: =COUNTIFS('Risk Register'!$K:$K,$A5,'Risk Register'!$F:$F,1) -> 0 | C5: =COUNTIFS('Risk Register'!$K:$K,$A5,'Risk Register'!$F:$F,2) -> 1 | D5: =COUNTIFS('Risk Register'!$K:$K,$A5,'Risk Register'!$F:$F,3) -> 1 | E5: =COUNTIFS('Risk Register'!$K:$K,$A5,'Risk Register'!$F:$F,4) -> 0 | F5: =COUNTIFS('Risk Register'!$K:$K,$A5,'Risk Register'!$F:$F,5) -> 0 | G5: =SUM(B5:F5) -> 2 | H5: =SUMPRODUCT(B5:F5,{1,2,3,4,5}) / G5 -> 2.5
A6: Legal | B6: =COUNTIFS('Risk Register'!$K:$K,$A6,'Risk Register'!$F:$F,1) -> 0 | C6: =COUNTIFS('Risk Register'!$K:$K,$A6,'Risk Register'!$F:$F,2) -> 1 | D6: =COUNTIFS('Risk Register'!$K:$K,$A6,'Risk Register'!$F:$F,3) -> 0 | E6: =COUNTIFS('Risk Register'!$K:$K,$A6,'Risk Register'!$F:$F,4) -> 0 | F6: =COUNTIFS('Risk Register'!$K:$K,$A6,'Risk Register'!$F:$F,5) -> 0 | G6: =SUM(B6:F6) -> 1 | H6: =SUMPRODUCT(B6:F6,{1,2,3,4,5}) / G6 -> 2
A9: Table 5: Severity Counts
A10: Category | B10: S1 | C10: S2 | D10: S3 | E10: S4 | F10: S5 | G10: Total Risks | H10: Severity Weighted Avg
A11: Technical | B11: =COUNTIFS('Risk Register'!$K:$K,$A3,'Risk Register'!$G:$G,1) -> 0 | C11: =COUNTIFS('Risk Register'!$K:$K,$A3,'Risk Register'!$G:$G,2) -> 1 | D11: =COUNTIFS('Risk Register'!$K:$K,$A3,'Risk Register'!$G:$G,3) -> 2 | E11: =COUNTIFS('Risk Register'!$K:$K,$A3,'Risk Register'!$G:$G,4) -> 1 | F11: =COUNTIFS('Risk Register'!$K:$K,$A3,'Risk Register'!$G:$G,5) -> 1 | G11: =SUM(B11:F11) -> 5 | H11: =SUMPRODUCT(B11:F11,{1,2,3,4,5})/G11 -> 3.4
A12: Project Management | B12: =COUNTIFS('Risk Register'!$K:$K,$A4,'Risk Register'!$G:$G,1) -> 0 | C12: =COUNTIFS('Risk Register'!$K:$K,$A4,'Risk Register'!$G:$G,2) -> 0 | D12: =COUNTIFS('Risk Register'!$K:$K,$A4,'Risk Register'!$G:$G,3) -> 0 | E12: =COUNTIFS('Risk Register'!$K:$K,$A4,'Risk Register'!$G:$G,4) -> 3 | F12: =COUNTIFS('Risk Register'!$K:$K,$A4,'Risk Register'!$G:$G,5) -> 1 | G12: =SUM(B12:F12) -> 4 | H12: =SUMPRODUCT(B12:F12,{1,2,3,4,5})/G12 -> 4.25
A13: Operational | B13: =COUNTIFS('Risk Register'!$K:$K,$A5,'Risk Register'!$G:$G,1) -> 0 | C13: =COUNTIFS('Risk Register'!$K:$K,$A5,'Risk Register'!$G:$G,2) -> 0 | D13: =COUNTIFS('Risk Register'!$K:$K,$A5,'Risk Register'!$G:$G,3) -> 1 | E13: =COUNTIFS('Risk Register'!$K:$K,$A5,'Risk Register'!$G:$G,4) -> 1 | F13: =COUNTIFS('Risk Register'!$K:$K,$A5,'Risk Register'!$G:$G,5) -> 0 | G13: =SUM(B13:F13) -> 2 | H13: =SUMPRODUCT(B13:F13,{1,2,3,4,5})/G13 -> 3.5
A14: Legal | B14: =COUNTIFS('Risk Register'!$K:$K,$A6,'Risk Register'!$G:$G,1) -> 0 | C14: =COUNTIFS('Risk Register'!$K:$K,$A6,'Risk Register'!$G:$G,2) -> 0 | D14: =COUNTIFS('Risk Register'!$K:$K,$A6,'Risk Register'!$G:$G,3) -> 0 | E14: =COUNTIFS('Risk Register'!$K:$K,$A6,'Risk Register'!$G:$G,4) -> 0 | F14: =COUNTIFS('Risk Register'!$K:$K,$A6,'Risk Register'!$G:$G,5) -> 1 | G14: =SUM(B14:F14) -> 1 | H14: =SUMPRODUCT(B14:F14,{1,2,3,4,5})/G14 -> 5
A16: Table 6: Final Category Rating
A17: Catagory | B17: Final Rating | C17: Rank (1 = Most Critical)
A18: Technical | B18: =H3*H11 -> 10.88 | C18: =_xlfn.RANK.EQ(B18,$B$18:$B$21,0) -> 2
A19: Project Management | B19: =H4*H12 -> 11.6875 | C19: =_xlfn.RANK.EQ(B19,$B$18:$B$21,0) -> 1
A20: Operational | B20: =H5*H13 -> 8.75 | C20: =_xlfn.RANK.EQ(B20,$B$18:$B$21,0) -> 4
A21: Legal | B21: =H6*H14 -> 10 | C21: =_xlfn.RANK.EQ(B21,$B$18:$B$21,0) -> 3
